{"root":[{"assemblyName":"Assembly-CSharp","nameSpace":"","className":"FusionStats","methodName":"ResetStatics","loadTypes":4,"isUnityClass":false},{"assemblyName":"Assembly-CSharp","nameSpace":"","className":"FusionStatsBillboard","methodName":"ResetStatics","loadTypes":4,"isUnityClass":false},{"assemblyName":"Assembly-CSharp","nameSpace":"Fusion","className":"FusionRuntimeCheck","methodName":"RuntimeCheck","loadTypes":1,"isUnityClass":false},{"assemblyName":"Assembly-CSharp","nameSpace":"Fusion","className":"FusionUnityLogger","methodName":"Initialize","loadTypes":4,"isUnityClass":false},{"assemblyName":"Fusion.Realtime","nameSpace":"Fusion.Photon.Realtime","className":"ConnectionHandler","methodName":"StaticReset","loadTypes":4,"isUnityClass":false},{"assemblyName":"Fusion.Runtime","nameSpace":"Fusion","className":"NetworkRunner","methodName":"ResetAllSimulationStatics","loadTypes":4,"isUnityClass":false},{"assemblyName":"Fusion.Runtime","nameSpace":"Fusion","className":"NetworkRunnerUpdater","methodName":"Init","loadTypes":0,"isUnityClass":false}]}
